-2, -2, 0.00031648
-2, -1.92, 0.000316812
-2, -1.84, 0.000317538
-2, -1.76, 0.000319137
-2, -1.68, 0.000322697
-2, -1.6, 0.000330834
-2, -1.52, 0.00035057
-2, -1.44, 0.00040551
-2, -1.36, 0.000621626
-2, -1.28, 0.00260405
-2, -1.2, 0.0314256
-2, -1.12, 0.18847
-2, -1.04, 0.50641
-2, -0.96, 0.748092
-2, -0.88, 0.80126
-2, -0.8, 0.827847
-2, -0.72, 0.852065
-2, -0.64, 0.872441
-2, -0.56, 0.886123
-2, -0.48, 0.893684
-2, -0.4, 0.897409
-2, -0.32, 0.899157
-2, -0.24, 0.899965
-2, -0.16, 0.900336
-2, -0.08, 0.900507
-2, 0, 0.900585
-2, 0.08, 0.900621
-2, 0.16, 0.900638
-2, 0.24, 0.900645
-2, 0.32, 0.900649
-2, 0.4, 0.90065
-2, 0.48, 0.900649
-2, 0.56, 0.900645
-2, 0.64, 0.900633
-2, 0.72, 0.900592
-2, 0.8, 0.900463
-2, 0.88, 0.900061
-2, 0.96, 0.898798
-2, 1.04, 0.89485
-2, 1.12, 0.883047
-2, 1.2, 0.85374
-2, 1.28, 0.801423
-2, 1.36, 0.756243
-2, 1.44, 0.647308
-2, 1.52, 0.163013
-2, 1.6, 0.00421314
-2, 1.68, 0.000241846
-2, 1.76, 0.000192459
-2, 1.84, 0.000184282
-2, 1.92, 0.000182102

-1.92, -2, 0.000316506
-1.92, -1.92, 0.000316869
-1.92, -1.84, 0.000317663
-1.92, -1.76, 0.000319413
-1.92, -1.68, 0.000323317
-1.92, -1.6, 0.000332282
-1.92, -1.52, 0.000354252
-1.92, -1.44, 0.000416956
-1.92, -1.36, 0.000680188
-1.92, -1.28, 0.00339706
-1.92, -1.2, 0.0421274
-1.92, -1.12, 0.210017
-1.92, -1.04, 0.536473
-1.92, -0.96, 0.759647
-1.92, -0.88, 0.804522
-1.92, -0.8, 0.830702
-1.92, -0.72, 0.854648
-1.92, -0.64, 0.874355
-1.92, -0.56, 0.887253
-1.92, -0.48, 0.894259
-1.92, -0.4, 0.897682
-1.92, -0.32, 0.899283
-1.92, -0.24, 0.900023
-1.92, -0.16, 0.900363
-1.92, -0.08, 0.900519
-1.92, 0, 0.900591
-1.92, 0.08, 0.900624
-1.92, 0.16, 0.900639
-1.92, 0.24, 0.900646
-1.92, 0.32, 0.900649
-1.92, 0.4, 0.90065
-1.92, 0.48, 0.900649
-1.92, 0.56, 0.900645
-1.92, 0.64, 0.900632
-1.92, 0.72, 0.900591
-1.92, 0.8, 0.90046
-1.92, 0.88, 0.90005
-1.92, 0.96, 0.898765
-1.92, 1.04, 0.894748
-1.92, 1.12, 0.882756
-1.92, 1.2, 0.853108
-1.92, 1.28, 0.800502
-1.92, 1.36, 0.755792
-1.92, 1.44, 0.642283
-1.92, 1.52, 0.1577
-1.92, 1.6, 0.00385232
-1.92, 1.68, 0.000239838
-1.92, 1.76, 0.000192221
-1.92, 1.84, 0.000184224
-1.92, 1.92, 0.000182085

-1.84, -2, 0.000316534
-1.84, -1.92, 0.000316931
-1.84, -1.84, 0.0003178
-1.84, -1.76, 0.000319715
-1.84, -1.68, 0.000323998
-1.84, -1.6, 0.000333883
-1.84, -1.52, 0.000358386
-1.84, -1.44, 0.000430279
-1.84, -1.36, 0.000754844
-1.84, -1.28, 0.00448868
-1.84, -1.2, 0.0558726
-1.84, -1.12, 0.233648
-1.84, -1.04, 0.567861
-1.84, -0.96, 0.768704
-1.84, -0.88, 0.807681
-1.84, -0.8, 0.833533
-1.84, -0.72, 0.857177
-1.84, -0.64, 0.876176
-1.84, -0.56, 0.888305
-1.84, -0.48, 0.894788
-1.84, -0.4, 0.897931
-1.84, -0.32, 0.899399
-1.84, -0.24, 0.900076
-1.84, -0.16, 0.900388
-1.84, -0.08, 0.900531
-1.84, 0, 0.900596
-1.84, 0.08, 0.900626
-1.84, 0.16, 0.90064
-1.84, 0.24, 0.900646
-1.84, 0.32, 0.900649
-1.84, 0.4, 0.90065
-1.84, 0.48, 0.900649
-1.84, 0.56, 0.900645
-1.84, 0.64, 0.900632
-1.84, 0.72, 0.90059
-1.84, 0.8, 0.900457
-1.84, 0.88, 0.90004
-1.84, 0.96, 0.898732
-1.84, 1.04, 0.894644
-1.84, 1.12, 0.882461
-1.84, 1.2, 0.85247
-1.84, 1.28, 0.799583
-1.84, 1.36, 0.755342
-1.84, 1.44, 0.637133
-1.84, 1.52, 0.152541
-1.84, 1.6, 0.00352045
-1.84, 1.68, 0.00023792
-1.84, 1.76, 0.000191988
-1.84, 1.84, 0.000184167
-1.84, 1.92, 0.000182068

-1.76, -2, 0.000316566
-1.76, -1.92, 0.000316999
-1.76, -1.84, 0.000317949
-1.76, -1.76, 0.000320046
-1.76, -1.68, 0.000324747
-1.76, -1.6, 0.000335656
-1.76, -1.52, 0.000363038
-1.76, -1.44, 0.000445892
-1.76, -1.36, 0.000851503
-1.76, -1.28, 0.00597261
-1.76, -1.2, 0.0722387
-1.76, -1.12, 0.261584
-1.76, -1.04, 0.601788
-1.76, -0.96, 0.775923
-1.76, -0.88, 0.810768
-1.76, -0.8, 0.836342
-1.76, -0.72, 0.859645
-1.76, -0.64, 0.877903
-1.76, -0.56, 0.889283
-1.76, -0.48, 0.895274
-1.76, -0.4, 0.898161
-1.76, -0.32, 0.899505
-1.76, -0.24, 0.900125
-1.76, -0.16, 0.90041
-1.76, -0.08, 0.900541
-1.76, 0, 0.900601
-1.76, 0.08, 0.900628
-1.76, 0.16, 0.900641
-1.76, 0.24, 0.900647
-1.76, 0.32, 0.900649
-1.76, 0.4, 0.90065
-1.76, 0.48, 0.900649
-1.76, 0.56, 0.900645
-1.76, 0.64, 0.900632
-1.76, 0.72, 0.900588
-1.76, 0.8, 0.900453
-1.76, 0.88, 0.900029
-1.76, 0.96, 0.898698
-1.76, 1.04, 0.894539
-1.76, 1.12, 0.882161
-1.76, 1.2, 0.851826
-1.76, 1.28, 0.798665
-1.76, 1.36, 0.754891
-1.76, 1.44, 0.631867
-1.76, 1.52, 0.147532
-1.76, 1.6, 0.00321603
-1.76, 1.68, 0.000236086
-1.76, 1.76, 0.000191761
-1.76, 1.84, 0.000184112
-1.76, 1.92, 0.000182052

-1.68, -2, 0.0003166
-1.68, -1.92, 0.000317073
-1.68, -1.84, 0.000318113
-1.68, -1.76, 0.000320409
-1.68, -1.68, 0.00032557
-1.68, -1.6, 0.000337621
-1.68, -1.52, 0.000368291
-1.68, -1.44, 0.000464324
-1.68, -1.36, 0.000978679
-1.68, -1.28, 0.00796256
-1.68, -1.2, 0.090409
-1.68, -1.12, 0.296614
-1.68, -1.04, 0.636206
-1.68, -0.96, 0.781822
-1.68, -0.88, 0.813801
-1.68, -0.8, 0.839128
-1.68, -0.72, 0.862045
-1.68, -0.64, 0.879538
-1.68, -0.56, 0.890191
-1.68, -0.48, 0.895722
-1.68, -0.4, 0.898371
-1.68, -0.32, 0.899602
-1.68, -0.24, 0.90017
-1.68, -0.16, 0.90043
-1.68, -0.08, 0.90055
-1.68, 0, 0.900605
-1.68, 0.08, 0.90063
-1.68, 0.16, 0.900642
-1.68, 0.24, 0.900647
-1.68, 0.32, 0.90065
-1.68, 0.4, 0.90065
-1.68, 0.48, 0.900649
-1.68, 0.56, 0.900645
-1.68, 0.64, 0.900631
-1.68, 0.72, 0.900587
-1.68, 0.8, 0.90045
-1.68, 0.88, 0.900018
-1.68, 0.96, 0.898663
-1.68, 1.04, 0.894431
-1.68, 1.12, 0.881857
-1.68, 1.2, 0.851176
-1.68, 1.28, 0.79775
-1.68, 1.36, 0.754439
-1.68, 1.44, 0.626498
-1.68, 1.52, 0.142672
-1.68, 1.6, 0.00293753
-1.68, 1.68, 0.000234333
-1.68, 1.76, 0.000191539
-1.68, 1.84, 0.000184057
-1.68, 1.92, 0.000182036

-1.6, -2, 0.000316637
-1.6, -1.92, 0.000317155
-1.6, -1.84, 0.000318291
-1.6, -1.76, 0.000320806
-1.6, -1.68, 0.000326476
-1.6, -1.6, 0.000339801
-1.6, -1.52, 0.000374239
-1.6, -1.44, 0.000486266
-1.6, -1.36, 0.00114872
-1.6, -1.28, 0.0106018
-1.6, -1.2, 0.109821
-1.6, -1.12, 0.340594
-1.6, -1.04, 0.668225
-1.6, -0.96, 0.786791
-1.6, -0.88, 0.816791
-1.6, -0.8, 0.841889
-1.6, -0.72, 0.864372
-1.6, -0.64, 0.88108
-1.6, -0.56, 0.891032
-1.6, -0.48, 0.896133
-1.6, -0.4, 0.898563
-1.6, -0.32, 0.899691
-1.6, -0.24, 0.90021
-1.6, -0.16, 0.900449
-1.6, -0.08, 0.900559
-1.6, 0, 0.900609
-1.6, 0.08, 0.900632
-1.6, 0.16, 0.900643
-1.6, 0.24, 0.900648
-1.6, 0.32, 0.90065
-1.6, 0.4, 0.90065
-1.6, 0.48, 0.900649
-1.6, 0.56, 0.900645
-1.6, 0.64, 0.900631
-1.6, 0.72, 0.900586
-1.6, 0.8, 0.900446
-1.6, 0.88, 0.900007
-1.6, 0.96, 0.898628
-1.6, 1.04, 0.894322
-1.6, 1.12, 0.881549
-1.6, 1.2, 0.850521
-1.6, 1.28, 0.796838
-1.6, 1.36, 0.753984
-1.6, 1.44, 0.621038
-1.6, 1.52, 0.137959
-1.6, 1.6, 0.00268337
-1.6, 1.68, 0.000232655
-1.6, 1.76, 0.000191323
-1.6, 1.84, 0.000184003
-1.6, 1.92, 0.00018202

-1.52, -2, 0.000316677
-1.52, -1.92, 0.000317244
-1.52, -1.84, 0.000318487
-1.52, -1.76, 0.000321242
-1.52, -1.68, 0.000327474
-1.52, -1.6, 0.000342226
-1.52, -1.52, 0.000381001
-1.52, -1.44, 0.000512627
-1.52, -1.36, 0.00137951
-1.52, -1.28, 0.0140863
-1.52, -1.2, 0.130178
-1.52, -1.12, 0.391059
-1.52, -1.04, 0.695904
-1.52, -0.96, 0.791115
-1.52, -0.88, 0.819747
-1.52, -0.8, 0.844622
-1.52, -0.72, 0.866619
-1.52, -0.64, 0.882532
-1.52, -0.56, 0.891811
-1.52, -0.48, 0.896511
-1.52, -0.4, 0.898739
-1.52, -0.32, 0.899772
-1.52, -0.24, 0.900248
-1.52, -0.16, 0.900466
-1.52, -0.08, 0.900567
-1.52, 0, 0.900613
-1.52, 0.08, 0.900634
-1.52, 0.16, 0.900644
-1.52, 0.24, 0.900648
-1.52, 0.32, 0.90065
-1.52, 0.4, 0.90065
-1.52, 0.48, 0.900649
-1.52, 0.56, 0.900645
-1.52, 0.64, 0.90063
-1.52, 0.72, 0.900585
-1.52, 0.8, 0.900442
-1.52, 0.88, 0.899995
-1.52, 0.96, 0.898592
-1.52, 1.04, 0.89421
-1.52, 1.12, 0.881236
-1.52, 1.2, 0.84986
-1.52, 1.28, 0.795928
-1.52, 1.36, 0.753527
-1.52, 1.44, 0.615503
-1.52, 1.52, 0.133392
-1.52, 1.6, 0.00245202
-1.52, 1.68, 0.000231048
-1.52, 1.76, 0.000191112
-1.52, 1.84, 0.00018395
-1.52, 1.92, 0.000182004

-1.44, -2, 0.000316722
-1.44, -1.92, 0.000317341
-1.44, -1.84, 0.000318701
-1.44, -1.76, 0.000321721
-1.44, -1.68, 0.000328574
-1.44, -1.6, 0.000344925
-1.44, -1.52, 0.000388718
-1.44, -1.44, 0.000544624
-1.44, -1.36, 0.00169679
-1.44, -1.28, 0.0187115
-1.44, -1.2, 0.151036
-1.44, -1.12, 0.439982
-1.44, -1.04, 0.718618
-1.44, -0.96, 0.794995
-1.44, -0.88, 0.822672
-1.44, -0.8, 0.847322
-1.44, -0.72, 0.868783
-1.44, -0.64, 0.883895
-1.44, -0.56, 0.892531
-1.44, -0.48, 0.896858
-1.44, -0.4, 0.898901
-1.44, -0.32, 0.899847
-1.44, -0.24, 0.900282
-1.44, -0.16, 0.900482
-1.44, -0.08, 0.900574
-1.44, 0, 0.900616
-1.44, 0.08, 0.900635
-1.44, 0.16, 0.900644
-1.44, 0.24, 0.900648
-1.44, 0.32, 0.90065
-1.44, 0.4, 0.90065
-1.44, 0.48, 0.900649
-1.44, 0.56, 0.900645
-1.44, 0.64, 0.90063
-1.44, 0.72, 0.900584
-1.44, 0.8, 0.900439
-1.44, 0.88, 0.899984
-1.44, 0.96, 0.898556
-1.44, 1.04, 0.894097
-1.44, 1.12, 0.880919
-1.44, 1.2, 0.849194
-1.44, 1.28, 0.795022
-1.44, 1.36, 0.753065
-1.44, 1.44, 0.609907
-1.44, 1.52, 0.128968
-1.44, 1.6, 0.0022419
-1.44, 1.68, 0.000229509
-1.44, 1.76, 0.000190906
-1.44, 1.84, 0.000183899
-1.44, 1.92, 0.000181989

-1.36, -2, 0.00031677
-1.36, -1.92, 0.000317447
-1.36, -1.84, 0.000318936
-1.36, -1.76, 0.000322245
-1.36, -1.68, 0.000329786
-1.36, -1.6, 0.000347937
-1.36, -1.52, 0.000397565
-1.36, -1.44, 0.000583904
-1.36, -1.36, 0.00213675
-1.36, -1.28, 0.0249394
-1.36, -1.2, 0.17192
-1.36, -1.12, 0.480345
-1.36, -1.04, 0.736655
-1.36, -0.96, 0.798574
-1.36, -0.88, 0.825571
-1.36, -0.8, 0.849986
-1.36, -0.72, 0.87086
-1.36, -0.64, 0.885172
-1.36, -0.56, 0.893195
-1.36, -0.48, 0.897176
-1.36, -0.4, 0.899049
-1.36, -0.32, 0.899915
-1.36, -0.24, 0.900313
-1.36, -0.16, 0.900496
-1.36, -0.08, 0.900581
-1.36, 0, 0.900619
-1.36, 0.08, 0.900637
-1.36, 0.16, 0.900645
-1.36, 0.24, 0.900649
-1.36, 0.32, 0.90065
-1.36, 0.4, 0.900651
-1.36, 0.48, 0.900649
-1.36, 0.56, 0.900645
-1.36, 0.64, 0.90063
-1.36, 0.72, 0.900583
-1.36, 0.8, 0.900435
-1.36, 0.88, 0.899972
-1.36, 0.96, 0.898518
-1.36, 1.04, 0.893982
-1.36, 1.12, 0.880597
-1.36, 1.2, 0.848521
-1.36, 1.28, 0.79412
-1.36, 1.36, 0.752597
-1.36, 1.44, 0.604264
-1.36, 1.52, 0.124685
-1.36, 1.6, 0.00205147
-1.36, 1.68, 0.000228033
-1.36, 1.76, 0.000190705
-1.36, 1.84, 0.000183848
-1.36, 1.92, 0.000181974

-1.28, -2, 0.000316823
-1.28, -1.92, 0.000317563
-1.28, -1.84, 0.000319192
-1.28, -1.76, 0.000322821
-1.28, -1.68, 0.000331124
-1.28, -1.6, 0.000351303
-1.28, -1.52, 0.000407758
-1.28, -1.44, 0.000632729
-1.28, -1.36, 0.00274874
-1.28, -1.28, 0.0334105
-1.28, -1.2, 0.192872
-1.28, -1.12, 0.512771
-1.28, -1.04, 0.750744
-1.28, -0.96, 0.80195
-1.28, -0.88, 0.828444
-1.28, -0.8, 0.852608
-1.28, -0.72, 0.872847
-1.28, -0.64, 0.886365
-1.28, -0.56, 0.893808
-1.28, -0.48, 0.897468
-1.28, -0.4, 0.899184
-1.28, -0.32, 0.899977
-1.28, -0.24, 0.900342
-1.28, -0.16, 0.90051
-1.28, -0.08, 0.900587
-1.28, 0, 0.900622
-1.28, 0.08, 0.900638
-1.28, 0.16, 0.900646
-1.28, 0.24, 0.900649
-1.28, 0.32, 0.90065
-1.28, 0.4, 0.900651
-1.28, 0.48, 0.900649
-1.28, 0.56, 0.900645
-1.28, 0.64, 0.900629
-1.28, 0.72, 0.900581
-1.28, 0.8, 0.900431
-1.28, 0.88, 0.89996
-1.28, 0.96, 0.89848
-1.28, 1.04, 0.893865
-1.28, 1.12, 0.880271
-1.28, 1.2, 0.847843
-1.28, 1.28, 0.793222
-1.28, 1.36, 0.752124
-1.28, 1.44, 0.598592
-1.28, 1.52, 0.120538
-1.28, 1.6, 0.00187921
-1.28, 1.68, 0.000226618
-1.28, 1.76, 0.000190508
-1.28, 1.84, 0.000183799
-1.28, 1.92, 0.000181959

-1.2, -2, 0.000316881
-1.2, -1.92, 0.000317691
-1.2, -1.84, 0.000319474
-1.2, -1.76, 0.000323454
-1.2, -1.68, 0.000332603
-1.2, -1.6, 0.000355074
-1.2, -1.52, 0.000419565
-1.2, -1.44, 0.000694256
-1.2, -1.36, 0.0035971
-1.2, -1.28, 0.0447443
-1.2, -1.2, 0.214708
-1.2, -1.12, 0.542803
-1.2, -1.04, 0.761717
-1.2, -0.96, 0.805188
-1.2, -0.88, 0.831294
-1.2, -0.8, 0.85518
-1.2, -0.72, 0.874742
-1.2, -0.64, 0.887478
-1.2, -0.56, 0.894373
-1.2, -0.48, 0.897735
-1.2, -0.4, 0.899308
-1.2, -0.32, 0.900034
-1.2, -0.24, 0.900368
-1.2, -0.16, 0.900522
-1.2, -0.08, 0.900592
-1.2, 0, 0.900624
-1.2, 0.08, 0.900639
-1.2, 0.16, 0.900646
-1.2, 0.24, 0.900649
-1.2, 0.32, 0.90065
-1.2, 0.4, 0.900651
-1.2, 0.48, 0.900649
-1.2, 0.56, 0.900644
-1.2, 0.64, 0.900629
-1.2, 0.72, 0.90058
-1.2, 0.8, 0.900427
-1.2, 0.88, 0.899947
-1.2, 0.96, 0.898442
-1.2, 1.04, 0.893746
-1.2, 1.12, 0.87994
-1.2, 1.2, 0.847159
-1.2, 1.28, 0.792328
-1.2, 1.36, 0.751644
-1.2, 1.44, 0.592904
-1.2, 1.52, 0.116522
-1.2, 1.6, 0.00172367
-1.2, 1.68, 0.000225259
-1.2, 1.76, 0.000190317
-1.2, 1.84, 0.00018375
-1.2, 1.92, 0.000181945

-1.12, -2, 0.000316945
-1.12, -1.92, 0.00031783
-1.12, -1.84, 0.000319782
-1.12, -1.76, 0.000324148
-1.12, -1.68, 0.000334238
-1.12, -1.6, 0.00035931
-1.12, -1.52, 0.000433329
-1.12, -1.44, 0.000772939
-1.12, -1.36, 0.00476218
-1.12, -1.28, 0.0590937
-1.12, -1.2, 0.239027
-1.12, -1.12, 0.574757
-1.12, -1.04, 0.770341
-1.12, -0.96, 0.80833
-1.12, -0.88, 0.834121
-1.12, -0.8, 0.857697
-1.12, -0.72, 0.876544
-1.12, -0.64, 0.888515
-1.12, -0.56, 0.894893
-1.12, -0.48, 0.897981
-1.12, -0.4, 0.899422
-1.12, -0.32, 0.900087
-1.12, -0.24, 0.900392
-1.12, -0.16, 0.900533
-1.12, -0.08, 0.900597
-1.12, 0, 0.900627
-1.12, 0.08, 0.90064
-1.12, 0.16, 0.900647
-1.12, 0.24, 0.900649
-1.12, 0.32, 0.900651
-1.12, 0.4, 0.900651
-1.12, 0.48, 0.900649
-1.12, 0.56, 0.900644
-1.12, 0.64, 0.900629
-1.12, 0.72, 0.900579
-1.12, 0.8, 0.900423
-1.12, 0.88, 0.899935
-1.12, 0.96, 0.898403
-1.12, 1.04, 0.893625
-1.12, 1.12, 0.879604
-1.12, 1.2, 0.84647
-1.12, 1.28, 0.79144
-1.12, 1.36, 0.751155
-1.12, 1.44, 0.587215
-1.12, 1.52, 0.112629
-1.12, 1.6, 0.0015834
-1.12, 1.68, 0.000223955
-1.12, 1.76, 0.000190129
-1.12, 1.84, 0.000183702
-1.12, 1.92, 0.00018193

-1.04, -2, 0.000317014
-1.04, -1.92, 0.000317982
-1.04, -1.84, 0.000320119
-1.04, -1.76, 0.000324912
-1.04, -1.68, 0.000336049
-1.04, -1.6, 0.000364081
-1.04, -1.52, 0.000449481
-1.04, -1.44, 0.00087515
-1.04, -1.36, 0.00634142
-1.04, -1.28, 0.0759027
-1.04, -1.2, 0.268208
-1.04, -1.12, 0.609022
-1.04, -1.04, 0.777247
-1.04, -0.96, 0.811404
-1.04, -0.88, 0.836925
-1.04, -0.8, 0.860151
-1.04, -0.72, 0.878252
-1.04, -0.64, 0.889478
-1.04, -0.56, 0.895371
-1.04, -0.48, 0.898206
-1.04, -0.4, 0.899526
-1.04, -0.32, 0.900135
-1.04, -0.24, 0.900414
-1.04, -0.16, 0.900543
-1.04, -0.08, 0.900602
-1.04, 0, 0.900629
-1.04, 0.08, 0.900641
-1.04, 0.16, 0.900647
-1.04, 0.24, 0.90065
-1.04, 0.32, 0.900651
-1.04, 0.4, 0.900651
-1.04, 0.48, 0.900649
-1.04, 0.56, 0.900644
-1.04, 0.64, 0.900628
-1.04, 0.72, 0.900578
-1.04, 0.8, 0.900419
-1.04, 0.88, 0.899922
-1.04, 0.96, 0.898363
-1.04, 1.04, 0.893502
-1.04, 1.12, 0.879264
-1.04, 1.2, 0.845774
-1.04, 1.28, 0.790557
-1.04, 1.36, 0.750657
-1.04, 1.44, 0.581538
-1.04, 1.52, 0.108851
-1.04, 1.6, 0.00145706
-1.04, 1.68, 0.000222701
-1.04, 1.76, 0.000189946
-1.04, 1.84, 0.000183655
-1.04, 1.92, 0.000181916

-0.96, -2, 0.00031709
-0.96, -1.92, 0.000318148
-0.96, -1.84, 0.000320489
-0.96, -1.76, 0.000325752
-0.96, -1.68, 0.000338057
-0.96, -1.6, 0.000369469
-0.96, -1.52, 0.000468581
-0.96, -1.44, 0.00101009
-0.96, -1.36, 0.00845361
-0.96, -1.28, 0.0943635
-0.96, -1.2, 0.305034
-0.96, -1.12, 0.643163
-0.96, -1.04, 0.782924
-0.96, -0.96, 0.814427
-0.96, -0.88, 0.839706
-0.96, -0.8, 0.862536
-0.96, -0.72, 0.879867
-0.96, -0.64, 0.890372
-0.96, -0.56, 0.895811
-0.96, -0.48, 0.898412
-0.96, -0.4, 0.899621
-0.96, -0.32, 0.900178
-0.96, -0.24, 0.900434
-0.96, -0.16, 0.900552
-0.96, -0.08, 0.900606
-0.96, 0, 0.900631
-0.96, 0.08, 0.900642
-0.96, 0.16, 0.900647
-0.96, 0.24, 0.90065
-0.96, 0.32, 0.900651
-0.96, 0.4, 0.900651
-0.96, 0.48, 0.900649
-0.96, 0.56, 0.900644
-0.96, 0.64, 0.900628
-0.96, 0.72, 0.900576
-0.96, 0.8, 0.900415
-0.96, 0.88, 0.899909
-0.96, 0.96, 0.898322
-0.96, 1.04, 0.893376
-0.96, 1.12, 0.878919
-0.96, 1.2, 0.845073
-0.96, 1.28, 0.789679
-0.96, 1.36, 0.750148
-0.96, 1.44, 0.575883
-0.96, 1.52, 0.105178
-0.96, 1.6, 0.00134336
-0.96, 1.68, 0.000221497
-0.96, 1.76, 0.000189767
-0.96, 1.84, 0.000183609
-0.96, 1.92, 0.000181903

-0.88, -2, 0.000317173
-0.88, -1.92, 0.000318331
-0.88, -1.84, 0.000320894
-0.88, -1.76, 0.000326677
-0.88, -1.68, 0.000340286
-0.88, -1.6, 0.000375577
-0.88, -1.52, 0.000491361
-0.88, -1.44, 0.00119109
-0.88, -1.36, 0.0112505
-0.88, -1.28, 0.113997
-0.88, -1.2, 0.350779
-0.88, -1.12, 0.674391
-0.88, -1.04, 0.787738
-0.88, -0.96, 0.81741
-0.88, -0.88, 0.842461
-0.88, -0.8, 0.864847
-0.88, -0.72, 0.88139
-0.88, -0.64, 0.8912
-0.88, -0.56, 0.896215
-0.88, -0.48, 0.898601
-0.88, -0.4, 0.899708
-0.88, -0.32, 0.900219
-0.88, -0.24, 0.900453
-0.88, -0.16, 0.900561
-0.88, -0.08, 0.90061
-0.88, 0, 0.900633
-0.88, 0.08, 0.900643
-0.88, 0.16, 0.900648
-0.88, 0.24, 0.90065
-0.88, 0.32, 0.900651
-0.88, 0.4, 0.900651
-0.88, 0.48, 0.900649
-0.88, 0.56, 0.900644
-0.88, 0.64, 0.900627
-0.88, 0.72, 0.900575
-0.88, 0.8, 0.900411
-0.88, 0.88, 0.899896
-0.88, 0.96, 0.898281
-0.88, 1.04, 0.893249
-0.88, 1.12, 0.87857
-0.88, 1.2, 0.844366
-0.88, 1.28, 0.788807
-0.88, 1.36, 0.749627
-0.88, 1.44, 0.570259
-0.88, 1.52, 0.101599
-0.88, 1.6, 0.00124109
-0.88, 1.68, 0.000220338
-0.88, 1.76, 0.000189593
-0.88, 1.84, 0.000183564
-0.88, 1.92, 0.000181889

-0.8, -2, 0.000317263
-0.8, -1.92, 0.00031853
-0.8, -1.84, 0.000321338
-0.8, -1.76, 0.000327695
-0.8, -1.68, 0.000342765
-0.8, -1.6, 0.000382525
-0.8, -1.52, 0.000518784
-0.8, -1.44, 0.00143748
-0.8, -1.36, 0.0149438
-0.8, -1.28, 0.134503
-0.8, -1.2, 0.401698
-0.8, -1.12, 0.701049
-0.8, -1.04, 0.791954
-0.8, -0.96, 0.820359
-0.8, -0.88, 0.845187
-0.8, -0.8, 0.867077
-0.8, -0.72, 0.882823
-0.8, -0.64, 0.891966
-0.8, -0.56, 0.896586
-0.8, -0.48, 0.898774
-0.8, -0.4, 0.899788
-0.8, -0.32, 0.900255
-0.8, -0.24, 0.90047
-0.8, -0.16, 0.900568
-0.8, -0.08, 0.900614
-0.8, 0, 0.900634
-0.8, 0.08, 0.900644
-0.8, 0.16, 0.900648
-0.8, 0.24, 0.90065
-0.8, 0.32, 0.900651
-0.8, 0.4, 0.900651
-0.8, 0.48, 0.900649
-0.8, 0.56, 0.900644
-0.8, 0.64, 0.900627
-0.8, 0.72, 0.900574
-0.8, 0.8, 0.900407
-0.8, 0.88, 0.899883
-0.8, 0.96, 0.898239
-0.8, 1.04, 0.893119
-0.8, 1.12, 0.878215
-0.8, 1.2, 0.843654
-0.8, 1.28, 0.787942
-0.8, 1.36, 0.749093
-0.8, 1.44, 0.564672
-0.8, 1.52, 0.0981035
-0.8, 1.6, 0.00114915
-0.8, 1.68, 0.000219223
-0.8, 1.76, 0.000189422
-0.8, 1.84, 0.00018352
-0.8, 1.92, 0.000181876

-0.72, -2, 0.000317362
-0.72, -1.92, 0.000318748
-0.72, -1.84, 0.000321826
-0.72, -1.76, 0.000328817
-0.72, -1.68, 0.000345526
-0.72, -1.6, 0.000390463
-0.72, -1.52, 0.000552146
-0.72, -1.44, 0.00177695
-0.72, -1.36, 0.0198584
-0.72, -1.28, 0.155396
-0.72, -1.2, 0.449205
-0.72, -1.12, 0.722743
-0.72, -1.04, 0.795762
-0.72, -0.96, 0.823279
-0.72, -0.88, 0.847881
-0.72, -0.8, 0.869224
-0.72, -0.72, 0.884168
-0.72, -0.64, 0.892674
-0.72, -0.56, 0.896926
-0.72, -0.48, 0.898933
-0.72, -0.4, 0.899861
-0.72, -0.32, 0.900289
-0.72, -0.24, 0.900485
-0.72, -0.16, 0.900575
-0.72, -0.08, 0.900617
-0.72, 0, 0.900636
-0.72, 0.08, 0.900644
-0.72, 0.16, 0.900648
-0.72, 0.24, 0.90065
-0.72, 0.32, 0.900651
-0.72, 0.4, 0.900651
-0.72, 0.48, 0.900649
-0.72, 0.56, 0.900644
-0.72, 0.64, 0.900626
-0.72, 0.72, 0.900572
-0.72, 0.8, 0.900402
-0.72, 0.88, 0.899869
-0.72, 0.96, 0.898196
-0.72, 1.04, 0.892987
-0.72, 1.12, 0.877856
-0.72, 1.2, 0.842935
-0.72, 1.28, 0.787084
-0.72, 1.36, 0.748544
-0.72, 1.44, 0.559124
-0.72, 1.52, 0.0946803
-0.72, 1.6, 0.00106649
-0.72, 1.68, 0.00021815
-0.72, 1.76, 0.000189255
-0.72, 1.84, 0.000183477
-0.72, 1.92, 0.000181863

-0.64, -2, 0.000317471
-0.64, -1.92, 0.000318987
-0.64, -1.84, 0.000322361
-0.64, -1.76, 0.000330054
-0.64, -1.68, 0.000348607
-0.64, -1.6, 0.000399571
-0.64, -1.52, 0.000593204
-0.64, -1.44, 0.00224822
-0.64, -1.36, 0.0264967
-0.64, -1.28, 0.176266
-0.64, -1.2, 0.487603
-0.64, -1.12, 0.73989
-0.64, -1.04, 0.799292
-0.64, -0.96, 0.826172
-0.64, -0.88, 0.850536
-0.64, -0.8, 0.871282
-0.64, -0.72, 0.885427
-0.64, -0.64, 0.893327
-0.64, -0.56, 0.897239
-0.64, -0.48, 0.899078
-0.64, -0.4, 0.899928
-0.64, -0.32, 0.90032
-0.64, -0.24, 0.900499
-0.64, -0.16, 0.900582
-0.64, -0.08, 0.90062
-0.64, 0, 0.900637
-0.64, 0.08, 0.900645
-0.64, 0.16, 0.900649
-0.64, 0.24, 0.90065
-0.64, 0.32, 0.900651
-0.64, 0.4, 0.900651
-0.64, 0.48, 0.900649
-0.64, 0.56, 0.900644
-0.64, 0.64, 0.900626
-0.64, 0.72, 0.900571
-0.64, 0.8, 0.900398
-0.64, 0.88, 0.899855
-0.64, 0.96, 0.898153
-0.64, 1.04, 0.892853
-0.64, 1.12, 0.877492
-0.64, 1.2, 0.842211
-0.64, 1.28, 0.786233
-0.64, 1.36, 0.747978
-0.64, 1.44, 0.553615
-0.64, 1.52, 0.0913184
-0.64, 1.6, 0.000992157
-0.64, 1.68, 0.000217116
-0.64, 1.76, 0.000189092
-0.64, 1.84, 0.000183434
-0.64, 1.92, 0.00018185

-0.56, -2, 0.000317589
-0.56, -1.92, 0.000319249
-0.56, -1.84, 0.000322948
-0.56, -1.76, 0.00033142
-0.56, -1.68, 0.000352054
-0.56, -1.6, 0.000410076
-0.56, -1.52, 0.000644381
-0.56, -1.44, 0.00290364
-0.56, -1.36, 0.0355214
-0.56, -1.28, 0.197309
-0.56, -1.2, 0.519035
-0.56, -1.12, 0.753261
-0.56, -1.04, 0.802635
-0.56, -0.96, 0.82904
-0.56, -0.88, 0.853148
-0.56, -0.8, 0.87325
-0.56, -0.72, 0.886604
-0.56, -0.64, 0.89393
-0.56, -0.56, 0.897525
-0.56, -0.48, 0.899211
-0.56, -0.4, 0.89999
-0.56, -0.32, 0.900348
-0.56, -0.24, 0.900512
-0.56, -0.16, 0.900588
-0.56, -0.08, 0.900622
-0.56, 0, 0.900638
-0.56, 0.08, 0.900646
-0.56, 0.16, 0.900649
-0.56, 0.24, 0.900651
-0.56, 0.32, 0.900651
-0.56, 0.4, 0.900651
-0.56, 0.48, 0.900649
-0.56, 0.56, 0.900643
-0.56, 0.64, 0.900626
-0.56, 0.72, 0.900569
-0.56, 0.8, 0.900393
-0.56, 0.88, 0.899841
-0.56, 0.96, 0.898108
-0.56, 1.04, 0.892717
-0.56, 1.12, 0.877123
-0.56, 1.2, 0.841482
-0.56, 1.28, 0.785389
-0.56, 1.36, 0.747395
-0.56, 1.44, 0.548139
-0.56, 1.52, 0.0880077
-0.56, 1.6, 0.000925289
-0.56, 1.68, 0.000216121
-0.56, 1.76, 0.000188933
-0.56, 1.84, 0.000183392
-0.56, 1.92, 0.000181838

-0.48, -2, 0.000317719
-0.48, -1.92, 0.000319535
-0.48, -1.84, 0.000323593
-0.48, -1.76, 0.00033293
-0.48, -1.68, 0.000355917
-0.48, -1.6, 0.00042226
-0.48, -1.52, 0.000709063
-0.48, -1.44, 0.00381085
-0.48, -1.36, 0.0474952
-0.48, -1.28, 0.219505
-0.48, -1.2, 0.549232
-0.48, -1.12, 0.763685
-0.48, -1.04, 0.805849
-0.48, -0.96, 0.831885
-0.48, -0.88, 0.855709
-0.48, -0.8, 0.875125
-0.48, -0.72, 0.8877
-0.48, -0.64, 0.894485
-0.48, -0.56, 0.897788
-0.48, -0.48, 0.899333
-0.48, -0.4, 0.900046
-0.48, -0.32, 0.900374
-0.48, -0.24, 0.900524
-0.48, -0.16, 0.900593
-0.48, -0.08, 0.900625
-0.48, 0, 0.90064
-0.48, 0.08, 0.900646
-0.48, 0.16, 0.900649
-0.48, 0.24, 0.900651
-0.48, 0.32, 0.900651
-0.48, 0.4, 0.900651
-0.48, 0.48, 0.900649
-0.48, 0.56, 0.900643
-0.48, 0.64, 0.900625
-0.48, 0.72, 0.900568
-0.48, 0.8, 0.900389
-0.48, 0.88, 0.899827
-0.48, 0.96, 0.898063
-0.48, 1.04, 0.892578
-0.48, 1.12, 0.876749
-0.48, 1.2, 0.840746
-0.48, 1.28, 0.784553
-0.48, 1.36, 0.746793
-0.48, 1.44, 0.542688
-0.48, 1.52, 0.0847393
-0.48, 1.6, 0.0008651
-0.48, 1.68, 0.000215161
-0.48, 1.76, 0.000188777
-0.48, 1.84, 0.000183351
-0.48, 1.92, 0.000181825

-0.4, -2, 0.00031786
-0.4, -1.92, 0.000319849
-0.4, -1.84, 0.000324302
-0.4, -1.76, 0.0003346
-0.4, -1.68, 0.000360258
-0.4, -1.6, 0.000436482
-0.4, -1.52, 0.000792046
-0.4, -1.44, 0.0050536
-0.4, -1.36, 0.0624227
-0.4, -1.28, 0.244616
-0.4, -1.2, 0.581764
-0.4, -1.12, 0.771904
-0.4, -1.04, 0.808976
-0.4, -0.96, 0.834707
-0.4, -0.88, 0.858214
-0.4, -0.8, 0.876907
-0.4, -0.72, 0.888721
-0.4, -0.64, 0.894996
-0.4, -0.56, 0.898029
-0.4, -0.48, 0.899444
-0.4, -0.4, 0.900097
-0.4, -0.32, 0.900397
-0.4, -0.24, 0.900535
-0.4, -0.16, 0.900598
-0.4, -0.08, 0.900627
-0.4, 0, 0.900641
-0.4, 0.08, 0.900647
-0.4, 0.16, 0.900649
-0.4, 0.24, 0.900651
-0.4, 0.32, 0.900651
-0.4, 0.4, 0.900651
-0.4, 0.48, 0.900649
-0.4, 0.56, 0.900643
-0.4, 0.64, 0.900625
-0.4, 0.72, 0.900566
-0.4, 0.8, 0.900384
-0.4, 0.88, 0.899812
-0.4, 0.96, 0.898017
-0.4, 1.04, 0.892438
-0.4, 1.12, 0.87637
-0.4, 1.2, 0.840005
-0.4, 1.28, 0.783725
-0.4, 1.36, 0.746169
-0.4, 1.44, 0.537247
-0.4, 1.52, 0.0815056
-0.4, 1.6, 0.000810877
-0.4, 1.68, 0.000214235
-0.4, 1.76, 0.000188625
-0.4, 1.84, 0.000183311
-0.4, 1.92, 0.000181813

-0.32, -2, 0.000318015
-0.32, -1.92, 0.000320193
-0.32, -1.84, 0.000325081
-0.32, -1.76, 0.00033645
-0.32, -1.68, 0.00036515
-0.32, -1.6, 0.000453197
-0.32, -1.52, 0.000900205
-0.32, -1.44, 0.00673328
-0.32, -1.36, 0.0796368
-0.32, -1.28, 0.275167
-0.32, -1.2, 0.61625
-0.32, -1.12, 0.778518
-0.32, -1.04, 0.812038
-0.32, -0.96, 0.837507
-0.32, -0.88, 0.860654
-0.32, -0.8, 0.878596
-0.32, -0.72, 0.88967
-0.32, -0.64, 0.895466
-0.32, -0.56, 0.89825
-0.32, -0.48, 0.899547
-0.32, -0.4, 0.900144
-0.32, -0.32, 0.900419
-0.32, -0.24, 0.900545
-0.32, -0.16, 0.900603
-0.32, -0.08, 0.900629
-0.32, 0, 0.900642
-0.32, 0.08, 0.900647
-0.32, 0.16, 0.90065
-0.32, 0.24, 0.900651
-0.32, 0.32, 0.900651
-0.32, 0.4, 0.900651
-0.32, 0.48, 0.900649
-0.32, 0.56, 0.900643
-0.32, 0.64, 0.900624
-0.32, 0.72, 0.900565
-0.32, 0.8, 0.900379
-0.32, 0.88, 0.899797
-0.32, 0.96, 0.897971
-0.32, 1.04, 0.892294
-0.32, 1.12, 0.875986
-0.32, 1.2, 0.839258
-0.32, 1.28, 0.782905
-0.32, 1.36, 0.745523
-0.32, 1.44, 0.531799
-0.32, 1.52, 0.078301
-0.32, 1.6, 0.000761981
-0.32, 1.68, 0.000213342
-0.32, 1.76, 0.000188476
-0.32, 1.84, 0.000183272
-0.32, 1.92, 0.000181801

-0.24, -2, 0.000318185
-0.24, -1.92, 0.00032057
-0.24, -1.84, 0.000325938
-0.24, -1.76, 0.000338502
-0.24, -1.68, 0.00037068
-0.24, -1.6, 0.000472998
-0.24, -1.52, 0.00104347
-0.24, -1.44, 0.00897421
-0.24, -1.36, 0.0983682
-0.24, -1.28, 0.313861
-0.24, -1.2, 0.649989
-0.24, -1.12, 0.783988
-0.24, -1.04, 0.815052
-0.24, -0.96, 0.840282
-0.24, -0.88, 0.863024
-0.24, -0.8, 0.880192
-0.24, -0.72, 0.89055
-0.24, -0.64, 0.895898
-0.24, -0.56, 0.898453
-0.24, -0.48, 0.89964
-0.24, -0.4, 0.900187
-0.24, -0.32, 0.900438
-0.24, -0.24, 0.900554
-0.24, -0.16, 0.900607
-0.24, -0.08, 0.900631
-0.24, 0, 0.900642
-0.24, 0.08, 0.900648
-0.24, 0.16, 0.90065
-0.24, 0.24, 0.900651
-0.24, 0.32, 0.900651
-0.24, 0.4, 0.900651
-0.24, 0.48, 0.900649
-0.24, 0.56, 0.900643
-0.24, 0.64, 0.900624
-0.24, 0.72, 0.900563
-0.24, 0.8, 0.900374
-0.24, 0.88, 0.899782
-0.24, 0.96, 0.897923
-0.24, 1.04, 0.892148
-0.24, 1.12, 0.875598
-0.24, 1.2, 0.838505
-0.24, 1.28, 0.782094
-0.24, 1.36, 0.744851
-0.24, 1.44, 0.52632
-0.24, 1.52, 0.0751221
-0.24, 1.6, 0.00071784
-0.24, 1.68, 0.00021248
-0.24, 1.76, 0.00018833
-0.24, 1.84, 0.000183233
-0.24, 1.92, 0.00018179

-0.16, -2, 0.000318371
-0.16, -1.92, 0.000320983
-0.16, -1.84, 0.000326881
-0.16, -1.76, 0.000340781
-0.16, -1.68, 0.000376952
-0.16, -1.6, 0.000496656
-0.16, -1.52, 0.00123627
-0.16, -1.44, 0.0119377
-0.16, -1.36, 0.118212
-0.16, -1.28, 0.361211
-0.16, -1.2, 0.680354
-0.16, -1.12, 0.788659
-0.16, -1.04, 0.818027
-0.16, -0.96, 0.843032
-0.16, -0.88, 0.865319
-0.16, -0.8, 0.881696
-0.16, -0.72, 0.891364
-0.16, -0.64, 0.896295
-0.16, -0.56, 0.898638
-0.16, -0.48, 0.899726
-0.16, -0.4, 0.900226
-0.16, -0.32, 0.900457
-0.16, -0.24, 0.900562
-0.16, -0.16, 0.900611
-0.16, -0.08, 0.900633
-0.16, 0, 0.900643
-0.16, 0.08, 0.900648
-0.16, 0.16, 0.90065
-0.16, 0.24, 0.900651
-0.16, 0.32, 0.900651
-0.16, 0.4, 0.900651
-0.16, 0.48, 0.900649
-0.16, 0.56, 0.900643
-0.16, 0.64, 0.900623
-0.16, 0.72, 0.900562
-0.16, 0.8, 0.900369
-0.16, 0.88, 0.899766
-0.16, 0.96, 0.897875
-0.16, 1.04, 0.892
-0.16, 1.12, 0.875204
-0.16, 1.2, 0.837746
-0.16, 1.28, 0.781292
-0.16, 1.36, 0.744153
-0.16, 1.44, 0.520785
-0.16, 1.52, 0.0719675
-0.16, 1.6, 0.000677942
-0.16, 1.68, 0.000211648
-0.16, 1.76, 0.000188188
-0.16, 1.84, 0.000183195
-0.16, 1.92, 0.000181778

-0.08, -2, 0.000318574
-0.08, -1.92, 0.000321436
-0.08, -1.84, 0.00032792
-0.08, -1.76, 0.000343316
-0.08, -1.68, 0.000384093
-0.08, -1.6, 0.000525198
-0.08, -1.52, 0.00149946
-0.08, -1.44, 0.0158537
-0.08, -1.36, 0.138845
-0.08, -1.28, 0.412177
-0.08, -1.2, 0.705975
-0.08, -1.12, 0.792777
-0.08, -1.04, 0.82097
-0.08, -0.96, 0.845752
-0.08, -0.88, 0.867532
-0.08, -0.8, 0.883111
-0.08, -0.72, 0.892118
-0.08, -0.64, 0.896659
-0.08, -0.56, 0.898808
-0.08, -0.48, 0.899804
-0.08, -0.4, 0.900262
-0.08, -0.32, 0.900473
-0.08, -0.24, 0.90057
-0.08, -0.16, 0.900614
-0.08, -0.08, 0.900635
-0.08, 0, 0.900644
-0.08, 0.08, 0.900648
-0.08, 0.16, 0.90065
-0.08, 0.24, 0.900651
-0.08, 0.32, 0.900651
-0.08, 0.4, 0.900651
-0.08, 0.48, 0.900649
-0.08, 0.56, 0.900643
-0.08, 0.64, 0.900623
-0.08, 0.72, 0.90056
-0.08, 0.8, 0.900364
-0.08, 0.88, 0.899751
-0.08, 0.96, 0.897825
-0.08, 1.04, 0.89185
-0.08, 1.12, 0.874805
-0.08, 1.2, 0.836982
-0.08, 1.28, 0.780498
-0.08, 1.36, 0.743426
-0.08, 1.44, 0.515162
-0.08, 1.52, 0.0688382
-0.08, 1.6, 0.000641828
-0.08, 1.68, 0.000210845
-0.08, 1.76, 0.000188049
-0.08, 1.84, 0.000183158
-0.08, 1.92, 0.000181767

0, -2, 0.000318796
0, -1.92, 0.000321933
0, -1.84, 0.000329065
0, -1.76, 0.00034614
0, -1.68, 0.000392258
0, -1.6, 0.00056
0, -1.52, 0.00186278
0, -1.44, 0.0210795
0, -1.36, 0.159753
0, -1.28, 0.458
0, -1.2, 0.726669
0, -1.12, 0.796517
0, -1.04, 0.823884
0, -0.96, 0.848438
0, -0.88, 0.86966
0, -0.8, 0.884437
0, -0.72, 0.892814
0, -0.64, 0.896994
0, -0.56, 0.898964
0, -0.48, 0.899876
0, -0.4, 0.900295
0, -0.32, 0.900488
0, -0.24, 0.900577
0, -0.16, 0.900617
0, -0.08, 0.900636
0, 0, 0.900645
0, 0.08, 0.900649
0, 0.16, 0.90065
0, 0.24, 0.900651
0, 0.32, 0.900651
0, 0.4, 0.900651
0, 0.48, 0.900649
0, 0.56, 0.900642
0, 0.64, 0.900622
0, 0.72, 0.900559
0, 0.8, 0.900359
0, 0.88, 0.899735
0, 0.96, 0.897775
0, 1.04, 0.891697
0, 1.12, 0.8744
0, 1.2, 0.836211
0, 1.28, 0.779715
0, 1.36, 0.742668
0, 1.44, 0.509418
0, 1.52, 0.0657375
0, 1.6, 0.000609094
0, 1.68, 0.000210068
0, 1.76, 0.000187913
0, 1.84, 0.000183121
0, 1.92, 0.000181756

0.08, -2, 0.00031904
0.08, -1.92, 0.000322479
0.08, -1.84, 0.000330328
0.08, -1.76, 0.000349294
0.08, -1.68, 0.000401637
0.08, -1.6, 0.00060294
0.08, -1.52, 0.00236763
0.08, -1.44, 0.028158
0.08, -1.36, 0.180617
0.08, -1.28, 0.494545
0.08, -1.2, 0.74296
0.08, -1.12, 0.800002
0.08, -1.04, 0.826771
0.08, -0.96, 0.851085
0.08, -0.88, 0.8717
0.08, -0.8, 0.885679
0.08, -0.72, 0.893457
0.08, -0.64, 0.897301
0.08, -0.56, 0.899107
0.08, -0.48, 0.899942
0.08, -0.4, 0.900326
0.08, -0.32, 0.900502
0.08, -0.24, 0.900583
0.08, -0.16, 0.90062
0.08, -0.08, 0.900637
0.08, 0, 0.900645
0.08, 0.08, 0.900649
0.08, 0.16, 0.90065
0.08, 0.24, 0.900651
0.08, 0.32, 0.900651
0.08, 0.4, 0.900651
0.08, 0.48, 0.900649
0.08, 0.56, 0.900642
0.08, 0.64, 0.900622
0.08, 0.72, 0.900557
0.08, 0.8, 0.900354
0.08, 0.88, 0.899719
0.08, 0.96, 0.897724
0.08, 1.04, 0.891541
0.08, 1.12, 0.873991
0.08, 1.2, 0.835435
0.08, 1.28, 0.77894
0.08, 1.36, 0.741877
0.08, 1.44, 0.503514
0.08, 1.52, 0.0626706
0.08, 1.6, 0.000579378
0.08, 1.68, 0.000209318
0.08, 1.76, 0.00018778
0.08, 1.84, 0.000183086
0.08, 1.92, 0.000181745

0.16, -2, 0.000319306
0.16, -1.92, 0.000323078
0.16, -1.84, 0.000331723
0.16, -1.76, 0.000352823
0.16, -1.68, 0.000412466
0.16, -1.6, 0.000656614
0.16, -1.52, 0.00306943
0.16, -1.44, 0.0377626
0.16, -1.36, 0.201793
0.16, -1.28, 0.525254
0.16, -1.2, 0.75565
0.16, -1.12, 0.803314
0.16, -1.04, 0.829635
0.16, -0.96, 0.853686
0.16, -0.88, 0.873648
0.16, -0.8, 0.886839
0.16, -0.72, 0.894049
0.16, -0.64, 0.897582
0.16, -0.56, 0.899237
0.16, -0.48, 0.900002
0.16, -0.4, 0.900353
0.16, -0.32, 0.900515
0.16, -0.24, 0.900589
0.16, -0.16, 0.900623
0.16, -0.08, 0.900639
0.16, 0, 0.900646
0.16, 0.08, 0.900649
0.16, 0.16, 0.900651
0.16, 0.24, 0.900651
0.16, 0.32, 0.900651
0.16, 0.4, 0.900651
0.16, 0.48, 0.900649
0.16, 0.56, 0.900642
0.16, 0.64, 0.900621
0.16, 0.72, 0.900555
0.16, 0.8, 0.900349
0.16, 0.88, 0.899702
0.16, 0.96, 0.897672
0.16, 1.04, 0.891383
0.16, 1.12, 0.873576
0.16, 1.2, 0.834654
0.16, 1.28, 0.778176
0.16, 1.36, 0.74105
0.16, 1.44, 0.497411
0.16, 1.52, 0.0596445
0.16, 1.6, 0.000552357
0.16, 1.68, 0.000208592
0.16, 1.76, 0.000187649
0.16, 1.84, 0.00018305
0.16, 1.92, 0.000181734

0.24, -2, 0.000319598
0.24, -1.92, 0.000323735
0.24, -1.84, 0.000333264
0.24, -1.76, 0.00035678
0.24, -1.68, 0.000425042
0.24, -1.6, 0.000724656
0.24, -1.52, 0.00403911
0.24, -1.44, 0.050377
0.24, -1.36, 0.224426
0.24, -1.28, 0.555777
0.24, -1.2, 0.765558
0.24, -1.12, 0.806507
0.24, -1.04, 0.832475
0.24, -0.96, 0.856236
0.24, -0.88, 0.875504
0.24, -0.8, 0.887919
0.24, -0.72, 0.894595
0.24, -0.64, 0.89784
0.24, -0.56, 0.899357
0.24, -0.48, 0.900057
0.24, -0.4, 0.900379
0.24, -0.32, 0.900526
0.24, -0.24, 0.900594
0.24, -0.16, 0.900625
0.24, -0.08, 0.90064
0.24, 0, 0.900646
0.24, 0.08, 0.900649
0.24, 0.16, 0.900651
0.24, 0.24, 0.900651
0.24, 0.32, 0.900651
0.24, 0.4, 0.900651
0.24, 0.48, 0.900649
0.24, 0.56, 0.900642
0.24, 0.64, 0.90062
0.24, 0.72, 0.900554
0.24, 0.8, 0.900344
0.24, 0.88, 0.899685
0.24, 0.96, 0.89762
0.24, 1.04, 0.891222
0.24, 1.12, 0.873157
0.24, 1.2, 0.833866
0.24, 1.28, 0.777421
0.24, 1.36, 0.740184
0.24, 1.44, 0.491068
0.24, 1.52, 0.0566676
0.24, 1.6, 0.000527746
0.24, 1.68, 0.00020789
0.24, 1.76, 0.000187522
0.24, 1.84, 0.000183016
0.24, 1.92, 0.000181724

0.32, -2, 0.000319916
0.32, -1.92, 0.000324456
0.32, -1.84, 0.000334968
0.32, -1.76, 0.000361226
0.32, -1.68, 0.000439738
0.32, -1.6, 0.000812222
0.32, -1.52, 0.00536382
0.32, -1.44, 0.0658507
0.32, -1.36, 0.250439
0.32, -1.28, 0.588863
0.32, -1.2, 0.773398
0.32, -1.12, 0.809619
0.32, -1.04, 0.835293
0.32, -0.96, 0.858728
0.32, -0.88, 0.877267
0.32, -0.8, 0.888925
0.32, -0.72, 0.895097
0.32, -0.64, 0.898077
0.32, -0.56, 0.899466
0.32, -0.48, 0.900107
0.32, -0.4, 0.900402
0.32, -0.32, 0.900537
0.32, -0.24, 0.900599
0.32, -0.16, 0.900628
0.32, -0.08, 0.900641
0.32, 0, 0.900647
0.32, 0.08, 0.90065
0.32, 0.16, 0.900651
0.32, 0.24, 0.900651
0.32, 0.32, 0.900651
0.32, 0.4, 0.900651
0.32, 0.48, 0.900649
0.32, 0.56, 0.900642
0.32, 0.64, 0.90062
0.32, 0.72, 0.900552
0.32, 0.8, 0.900338
0.32, 0.88, 0.899668
0.32, 0.96, 0.897566
0.32, 1.04, 0.891058
0.32, 1.12, 0.872732
0.32, 1.2, 0.833073
0.32, 1.28, 0.776677
0.32, 1.36, 0.739278
0.32, 1.44, 0.484441
0.32, 1.52, 0.0537483
0.32, 1.6, 0.000505274
0.32, 1.68, 0.000207209
0.32, 1.76, 0.000187396
0.32, 1.84, 0.000182981
0.32, 1.92, 0.000181712

0.4, -2, 0.000320254
0.4, -1.92, 0.000325237
0.4, -1.84, 0.000336843
0.4, -1.76, 0.000366224
0.4, -1.68, 0.00045701
0.4, -1.6, 0.000926645
0.4, -1.52, 0.00714844
0.4, -1.44, 0.0834307
0.4, -1.36, 0.282482
0.4, -1.28, 0.623443
0.4, -1.2, 0.779739
0.4, -1.12, 0.81267
0.4, -1.04, 0.838087
0.4, -0.96, 0.861154
0.4, -0.88, 0.878937
0.4, -0.8, 0.889859
0.4, -0.72, 0.895559
0.4, -0.64, 0.898294
0.4, -0.56, 0.899567
0.4, -0.48, 0.900154
0.4, -0.4, 0.900423
0.4, -0.32, 0.900547
0.4, -0.24, 0.900604
0.4, -0.16, 0.90063
0.4, -0.08, 0.900642
0.4, 0, 0.900648
0.4, 0.08, 0.90065
0.4, 0.16, 0.900651
0.4, 0.24, 0.900652
0.4, 0.32, 0.900652
0.4, 0.4, 0.900651
0.4, 0.48, 0.900649
0.4, 0.56, 0.900642
0.4, 0.64, 0.90062
0.4, 0.72, 0.90055
0.4, 0.8, 0.900333
0.4, 0.88, 0.899651
0.4, 0.96, 0.897512
0.4, 1.04, 0.890892
0.4, 1.12, 0.872302
0.4, 1.2, 0.832274
0.4, 1.28, 0.775943
0.4, 1.36, 0.738327
0.4, 1.44, 0.477485
0.4, 1.52, 0.0508904
0.4, 1.6, 0.0004846
0.4, 1.68, 0.000206534
0.4, 1.76, 0.000187263
0.4, 1.84, 0.000182939
0.4, 1.92, 0.000181693

0.48, -2, 0.000320551
0.48, -1.92, 0.000326017
0.48, -1.84, 0.000338833
0.48, -1.76, 0.000371761
0.48, -1.68, 0.000477298
0.48, -1.6, 0.00107793
0.48, -1.52, 0.00951787
0.48, -1.44, 0.102391
0.48, -1.36, 0.323047
0.48, -1.28, 0.656646
0.48, -1.2, 0.785017
0.48, -1.12, 0.815675
0.48, -1.04, 0.840858
0.48, -0.96, 0.86351
0.48, -0.88, 0.880515
0.48, -0.8, 0.890726
0.48, -0.72, 0.895985
0.48, -0.64, 0.898495
0.48, -0.56, 0.899661
0.48, -0.48, 0.900198
0.48, -0.4, 0.900445
0.48, -0.32, 0.900558
0.48, -0.24, 0.90061
0.48, -0.16, 0.900634
0.48, -0.08, 0.900645
0.48, 0, 0.90065
0.48, 0.08, 0.900652
0.48, 0.16, 0.900653
0.48, 0.24, 0.900654
0.48, 0.32, 0.900654
0.48, 0.4, 0.900653
0.48, 0.48, 0.900651
0.48, 0.56, 0.900644
0.48, 0.64, 0.900622
0.48, 0.72, 0.900551
0.48, 0.8, 0.90033
0.48, 0.88, 0.899636
0.48, 0.96, 0.897459
0.48, 1.04, 0.890726
0.48, 1.12, 0.871868
0.48, 1.2, 0.831471
0.48, 1.28, 0.775219
0.48, 1.36, 0.737326
0.48, 1.44, 0.470116
0.48, 1.52, 0.0480641
0.48, 1.6, 0.000464775
0.48, 1.68, 0.000205782
0.48, 1.76, 0.000187074
0.48, 1.84, 0.000182845
0.48, 1.92, 0.000181624

0.56, -2, 0.000320359
0.56, -1.92, 0.00032632
0.56, -1.84, 0.000340406
0.56, -1.76, 0.000377201
0.56, -1.68, 0.000499999
0.56, -1.6, 0.00127527
0.56, -1.52, 0.0125973
0.56, -1.44, 0.12226
0.56, -1.36, 0.371539
0.56, -1.28, 0.686014
0.56, -1.2, 0.78955
0.56, -1.12, 0.818643
0.56, -1.04, 0.843604
0.56, -0.96, 0.865794
0.56, -0.88, 0.882009
0.56, -0.8, 0.891539
0.56, -0.72, 0.896387
0.56, -0.64, 0.898689
0.56, -0.56, 0.899757
0.56, -0.48, 0.900249
0.56, -0.4, 0.900475
0.56, -0.32, 0.900579
0.56, -0.24, 0.900627
0.56, -0.16, 0.900649
0.56, -0.08, 0.90066
0.56, 0, 0.900665
0.56, 0.08, 0.900667
0.56, 0.16, 0.900669
0.56, 0.24, 0.900669
0.56, 0.32, 0.90067
0.56, 0.4, 0.90067
0.56, 0.48, 0.900668
0.56, 0.56, 0.900661
0.56, 0.64, 0.900638
0.56, 0.72, 0.900567
0.56, 0.8, 0.900342
0.56, 0.88, 0.899636
0.56, 0.96, 0.897421
0.56, 1.04, 0.890572
0.56, 1.12, 0.871441
0.56, 1.2, 0.830665
0.56, 1.28, 0.774504
0.56, 1.36, 0.736249
0.56, 1.44, 0.461971
0.56, 1.52, 0.0450095
0.56, 1.6, 0.00044086
0.56, 1.68, 0.00020438
0.56, 1.76, 0.000186479
0.56, 1.84, 0.000182393
0.56, 1.92, 0.000181205

0.64, -2, 0.000316631
0.64, -1.92, 0.000322848
0.64, -1.84, 0.00033775
0.64, -1.76, 0.000377423
0.64, -1.68, 0.000515513
0.64, -1.6, 0.00148662
0.64, -1.52, 0.0162411
0.64, -1.44, 0.141861
0.64, -1.36, 0.420674
0.64, -1.28, 0.710185
0.64, -1.2, 0.793552
0.64, -1.12, 0.821581
0.64, -1.04, 0.846338
0.64, -0.96, 0.868036
0.64, -0.88, 0.88347
0.64, -0.8, 0.892357
0.64, -0.72, 0.896826
0.64, -0.64, 0.89894
0.64, -0.56, 0.89992
0.64, -0.48, 0.900372
0.64, -0.4, 0.900581
0.64, -0.32, 0.900679
0.64, -0.24, 0.900725
0.64, -0.16, 0.900747
0.64, -0.08, 0.900759
0.64, 0, 0.900766
0.64, 0.08, 0.900771
0.64, 0.16, 0.900774
0.64, 0.24, 0.900778
0.64, 0.32, 0.90078
0.64, 0.4, 0.900783
0.64, 0.48, 0.900783
0.64, 0.56, 0.900779
0.64, 0.64, 0.900759
0.64, 0.72, 0.900689
0.64, 0.8, 0.900463
0.64, 0.88, 0.899748
0.64, 0.96, 0.897496
0.64, 1.04, 0.890527
0.64, 1.12, 0.871093
0.64, 1.2, 0.829881
0.64, 1.28, 0.773792
0.64, 1.36, 0.734918
0.64, 1.44, 0.450535
0.64, 1.52, 0.0399502
0.64, 1.6, 0.000386112
0.64, 1.68, 0.000198788
0.64, 1.76, 0.000183272
0.64, 1.84, 0.000179636
0.64, 1.92, 0.000178536

0.72, -2, 0.000291742
0.72, -1.92, 0.000296545
0.72, -1.84, 0.000308687
0.72, -1.76, 0.000341828
0.72, -1.68, 0.000459833
0.72, -1.6, 0.00136052
0.72, -1.52, 0.0177418
0.72, -1.44, 0.155368
0.72, -1.36, 0.456872
0.72, -1.28, 0.727766
0.72, -1.2, 0.797105
0.72, -1.12, 0.824512
0.72, -1.04, 0.849184
0.72, -0.96, 0.870485
0.72, -0.88, 0.885248
0.72, -0.8, 0.893578
0.72, -0.72, 0.897722
0.72, -0.64, 0.899677
0.72, -0.56, 0.900589
0.72, -0.48, 0.901017
0.72, -0.4, 0.901223
0.72, -0.32, 0.901326
0.72, -0.24, 0.901384
0.72, -0.16, 0.901419
0.72, -0.08, 0.901446
0.72, 0, 0.901468
0.72, 0.08, 0.901489
0.72, 0.16, 0.901509
0.72, 0.24, 0.901529
0.72, 0.32, 0.901549
0.72, 0.4, 0.901569
0.72, 0.48, 0.901588
0.72, 0.56, 0.901602
0.72, 0.64, 0.9016
0.72, 0.72, 0.901549
0.72, 0.8, 0.901339
0.72, 0.88, 0.900633
0.72, 0.96, 0.89836
0.72, 1.04, 0.89125
0.72, 1.12, 0.871326
0.72, 1.2, 0.829279
0.72, 1.28, 0.773035
0.72, 1.36, 0.731968
0.72, 1.44, 0.415216
0.72, 1.52, 0.0232347
0.72, 1.6, 0.00024111
0.72, 1.68, 0.000176417
0.72, 1.76, 0.000168977
0.72, 1.84, 0.000167001
0.72, 1.92, 0.000166268

0.8, -2, 0.000211186
0.8, -1.92, 0.00021165
0.8, -1.84, 0.000213984
0.8, -1.76, 0.000221153
0.8, -1.68, 0.000244436
0.8, -1.6, 0.000370708
0.8, -1.52, 0.0049445
0.8, -1.44, 0.124545
0.8, -1.36, 0.442103
0.8, -1.28, 0.730632
0.8, -1.2, 0.799824
0.8, -1.12, 0.827665
0.8, -1.04, 0.853163
0.8, -0.96, 0.875042
0.8, -0.88, 0.889847
0.8, -0.8, 0.897967
0.8, -0.72, 0.90192
0.8, -0.64, 0.903792
0.8, -0.56, 0.904702
0.8, -0.48, 0.905175
0.8, -0.4, 0.905451
0.8, -0.32, 0.905637
0.8, -0.24, 0.905783
0.8, -0.16, 0.905913
0.8, -0.08, 0.906036
0.8, 0, 0.906157
0.8, 0.08, 0.906279
0.8, 0.16, 0.906402
0.8, 0.24, 0.906527
0.8, 0.32, 0.906655
0.8, 0.4, 0.906784
0.8, 0.48, 0.906914
0.8, 0.56, 0.907041
0.8, 0.64, 0.907156
0.8, 0.72, 0.907226
0.8, 0.8, 0.907148
0.8, 0.88, 0.9066
0.8, 0.96, 0.904521
0.8, 1.04, 0.89737
0.8, 1.12, 0.875798
0.8, 1.2, 0.83006
0.8, 1.28, 0.771859
0.8, 1.36, 0.712257
0.8, 1.44, 0.19808
0.8, 1.52, 0.000199556
0.8, 1.6, 0.000153285
0.8, 1.68, 0.000151151
0.8, 1.76, 0.000150622
0.8, 1.84, 0.000150407
0.8, 1.92, 0.000150278

0.88, -2, 0.00016238
0.88, -1.92, 0.000162271
0.88, -1.84, 0.000162219
0.88, -1.76, 0.000162289
0.88, -1.68, 0.000162642
0.88, -1.6, 0.000163784
0.88, -1.52, 0.000168172
0.88, -1.44, 0.000220256
0.88, -1.36, 0.127621
0.88, -1.28, 0.592546
0.88, -1.2, 0.795139
0.88, -1.12, 0.833753
0.88, -1.04, 0.867632
0.88, -0.96, 0.896818
0.88, -0.88, 0.912352
0.88, -0.8, 0.917448
0.88, -0.72, 0.919352
0.88, -0.64, 0.920322
0.88, -0.56, 0.920917
0.88, -0.48, 0.921346
0.88, -0.4, 0.921702
0.88, -0.32, 0.922032
0.88, -0.24, 0.922358
0.88, -0.16, 0.922691
0.88, -0.08, 0.923037
0.88, 0, 0.9234
0.88, 0.08, 0.923784
0.88, 0.16, 0.924191
0.88, 0.24, 0.924622
0.88, 0.32, 0.925081
0.88, 0.4, 0.925569
0.88, 0.48, 0.926089
0.88, 0.56, 0.92664
0.88, 0.64, 0.927216
0.88, 0.72, 0.927785
0.88, 0.8, 0.928246
0.88, 0.88, 0.928264
0.88, 0.96, 0.926921
0.88, 1.04, 0.922624
0.88, 1.12, 0.910167
0.88, 1.2, 0.843932
0.88, 1.28, 0.7574
0.88, 1.36, 0.230634
0.88, 1.44, 0.000148747
0.88, 1.52, 0.000147537
0.88, 1.6, 0.000147425
0.88, 1.68, 0.000147398
0.88, 1.76, 0.000147387
0.88, 1.84, 0.000147381
0.88, 1.92, 0.000147376

0.96, -2, 0.000158617
0.96, -1.92, 0.000158616
0.96, -1.84, 0.000158619
0.96, -1.76, 0.00015863
0.96, -1.68, 0.000158661
0.96, -1.6, 0.000158735
0.96, -1.52, 0.000158913
0.96, -1.44, 0.000159371
0.96, -1.36, 0.000160886
0.96, -1.28, 0.000177054
0.96, -1.2, 0.174383
0.96, -1.12, 0.700566
0.96, -1.04, 0.927347
0.96, -0.96, 0.985129
0.96, -0.88, 0.993628
0.96, -0.8, 0.994772
0.96, -0.72, 0.995122
0.96, -0.64, 0.995278
0.96, -0.56, 0.995367
0.96, -0.48, 0.995429
0.96, -0.4, 0.995478
0.96, -0.32, 0.99552
0.96, -0.24, 0.995558
0.96, -0.16, 0.995593
0.96, -0.08, 0.995625
0.96, 0, 0.995655
0.96, 0.08, 0.995683
0.96, 0.16, 0.99571
0.96, 0.24, 0.995735
0.96, 0.32, 0.995758
0.96, 0.4, 0.99578
0.96, 0.48, 0.995801
0.96, 0.56, 0.995821
0.96, 0.64, 0.995839
0.96, 0.72, 0.995855
0.96, 0.8, 0.995867
0.96, 0.88, 0.995868
0.96, 0.96, 0.995837
0.96, 1.04, 0.99566
0.96, 1.12, 0.99346
0.96, 1.2, 0.590061
0.96, 1.28, 0.00354769
0.96, 1.36, 0.000147847
0.96, 1.44, 0.000147318
0.96, 1.52, 0.000147295
0.96, 1.6, 0.000147291
0.96, 1.68, 0.00014729
0.96, 1.76, 0.00014729
0.96, 1.84, 0.000147289
0.96, 1.92, 0.000147289

1.04, -2, 0.000158306
1.04, -1.92, 0.000158305
1.04, -1.84, 0.000158307
1.04, -1.76, 0.000158319
1.04, -1.68, 0.000158349
1.04, -1.6, 0.000158424
1.04, -1.52, 0.000158602
1.04, -1.44, 0.000159053
1.04, -1.36, 0.000160346
1.04, -1.28, 0.000165199
1.04, -1.2, 0.000208604
1.04, -1.12, 0.0157679
1.04, -1.04, 0.131619
1.04, -0.96, 0.845566
1.04, -0.88, 0.987665
1.04, -0.8, 0.993923
1.04, -0.72, 0.994736
1.04, -0.64, 0.994932
1.04, -0.56, 0.994958
1.04, -0.48, 0.994914
1.04, -0.4, 0.994835
1.04, -0.32, 0.994733
1.04, -0.24, 0.994613
1.04, -0.16, 0.994478
1.04, -0.08, 0.994328
1.04, 0, 0.994162
1.04, 0.08, 0.993978
1.04, 0.16, 0.993775
1.04, 0.24, 0.99355
1.04, 0.32, 0.993301
1.04, 0.4, 0.993024
1.04, 0.48, 0.992715
1.04, 0.56, 0.992368
1.04, 0.64, 0.991969
1.04, 0.72, 0.991476
1.04, 0.8, 0.990755
1.04, 0.88, 0.989246
1.04, 0.96, 0.983692
1.04, 1.04, 0.942361
1.04, 1.12, 0.304763
1.04, 1.2, 0.0314675
1.04, 1.28, 0.000154021
1.04, 1.36, 0.000147387
1.04, 1.44, 0.000147291
1.04, 1.52, 0.000147286
1.04, 1.6, 0.000147286
1.04, 1.68, 0.000147286
1.04, 1.76, 0.000147285
1.04, 1.84, 0.000147285
1.04, 1.92, 0.000147285

1.12, -2, 0.000157956
1.12, -1.92, 0.000157948
1.12, -1.84, 0.000157943
1.12, -1.76, 0.000157947
1.12, -1.68, 0.00015797
1.12, -1.6, 0.000158036
1.12, -1.52, 0.000158206
1.12, -1.44, 0.000158652
1.12, -1.36, 0.000159971
1.12, -1.28, 0.000165092
1.12, -1.2, 0.000203091
1.12, -1.12, 0.00347719
1.12, -1.04, 0.0510357
1.12, -0.96, 0.128217
1.12, -0.88, 0.485876
1.12, -0.8, 0.76104
1.12, -0.72, 0.849444
1.12, -0.64, 0.873392
1.12, -0.56, 0.880235
1.12, -0.48, 0.881086
1.12, -0.4, 0.879356
1.12, -0.32, 0.876346
1.12, -0.24, 0.872611
1.12, -0.16, 0.868395
1.12, -0.08, 0.863806
1.12, 0, 0.858887
1.12, 0.08, 0.853653
1.12, 0.16, 0.848104
1.12, 0.24, 0.842236
1.12, 0.32, 0.836037
1.12, 0.4, 0.829495
1.12, 0.48, 0.822574
1.12, 0.56, 0.815179
1.12, 0.64, 0.807004
1.12, 0.72, 0.797053
1.12, 0.8, 0.782016
1.12, 0.88, 0.750447
1.12, 0.96, 0.661465
1.12, 1.04, 0.388973
1.12, 1.12, 0.0817146
1.12, 1.2, 0.00181861
1.12, 1.28, 0.000148738
1.12, 1.36, 0.000147303
1.12, 1.44, 0.000147285
1.12, 1.52, 0.000147285
1.12, 1.6, 0.000147285
1.12, 1.68, 0.000147285
1.12, 1.76, 0.000147285
1.12, 1.84, 0.000147285
1.12, 1.92, 0.000147285

1.2, -2, 0.000156692
1.2, -1.92, 0.000156627
1.2, -1.84, 0.000156561
1.2, -1.76, 0.0001565
1.2, -1.68, 0.000156451
1.2, -1.6, 0.000156434
1.2, -1.52, 0.000156496
1.2, -1.44, 0.000156749
1.2, -1.36, 0.000157546
1.2, -1.28, 0.000160367
1.2, -1.2, 0.000175119
1.2, -1.12, 0.00055278
1.2, -1.04, 0.02148
1.2, -0.96, 0.078915
1.2, -0.88, 0.215246
1.2, -0.8, 0.380815
1.2, -0.72, 0.463243
1.2, -0.64, 0.494768
1.2, -0.56, 0.503798
1.2, -0.48, 0.502764
1.2, -0.4, 0.497205
1.2, -0.32, 0.489622
1.2, -0.24, 0.481149
1.2, -0.16, 0.472303
1.2, -0.08, 0.463322
1.2, 0, 0.454316
1.2, 0.08, 0.445334
1.2, 0.16, 0.436402
1.2, 0.24, 0.427529
1.2, 0.32, 0.418718
1.2, 0.4, 0.40996
1.2, 0.48, 0.401226
1.2, 0.56, 0.392429
1.2, 0.64, 0.383309
1.2, 0.72, 0.373077
1.2, 0.8, 0.359323
1.2, 0.88, 0.334729
1.2, 0.96, 0.278091
1.2, 1.04, 0.144757
1.2, 1.12, 0.0113302
1.2, 1.2, 0.000152123
1.2, 1.28, 0.000147332
1.2, 1.36, 0.000147283
1.2, 1.44, 0.000147284
1.2, 1.52, 0.000147284
1.2, 1.6, 0.000147284
1.2, 1.68, 0.000147284
1.2, 1.76, 0.000147284
1.2, 1.84, 0.000147284
1.2, 1.92, 0.000147284

1.28, -2, 0.000150662
1.28, -1.92, 0.0001505
1.28, -1.84, 0.000150346
1.28, -1.76, 0.000150202
1.28, -1.68, 0.000150075
1.28, -1.6, 0.000149975
1.28, -1.52, 0.000149925
1.28, -1.44, 0.000149964
1.28, -1.36, 0.000150164
1.28, -1.28, 0.00015069
1.28, -1.2, 0.000152232
1.28, -1.12, 0.00015888
1.28, -1.04, 0.00026192
1.28, -0.96, 0.00791294
1.28, -0.88, 0.0418246
1.28, -0.8, 0.0962967
1.28, -0.72, 0.125558
1.28, -0.64, 0.133834
1.28, -0.56, 0.131952
1.28, -0.48, 0.12537
1.28, -0.4, 0.116669
1.28, -0.32, 0.107098
1.28, -0.24, 0.097308
1.28, -0.16, 0.0876686
1.28, -0.08, 0.0784122
1.28, 0, 0.0696914
1.28, 0.08, 0.0616035
1.28, 0.16, 0.0542014
1.28, 0.24, 0.0475017
1.28, 0.32, 0.0414914
1.28, 0.4, 0.0361353
1.28, 0.48, 0.0313801
1.28, 0.56, 0.0271525
1.28, 0.64, 0.0233413
1.28, 0.72, 0.0197381
1.28, 0.8, 0.0158946
1.28, 0.88, 0.0109249
1.28, 0.96, 0.00426567
1.28, 1.04, 0.000365898
1.28, 1.12, 0.000154504
1.28, 1.2, 0.000147513
1.28, 1.28, 0.000147229
1.28, 1.36, 0.000147282
1.28, 1.44, 0.000147284
1.28, 1.52, 0.000147284
1.28, 1.6, 0.000147284
1.28, 1.68, 0.000147284
1.28, 1.76, 0.000147284
1.28, 1.84, 0.000147284
1.28, 1.92, 0.000147284

1.36, -2, 0.000147741
1.36, -1.92, 0.000147727
1.36, -1.84, 0.000147714
1.36, -1.76, 0.000147702
1.36, -1.68, 0.000147694
1.36, -1.6, 0.000147691
1.36, -1.52, 0.000147697
1.36, -1.44, 0.000147721
1.36, -1.36, 0.000147773
1.36, -1.28, 0.000147853
1.36, -1.2, 0.000148012
1.36, -1.12, 0.00014898
1.36, -1.04, 0.000152227
1.36, -0.96, 0.000164501
1.36, -0.88, 0.000210334
1.36, -0.8, 0.000312809
1.36, -0.72, 0.000430018
1.36, -0.64, 0.000500336
1.36, -0.56, 0.00051883
1.36, -0.48, 0.0005078
1.36, -0.4, 0.00048501
1.36, -0.32, 0.000459457
1.36, -0.24, 0.000434839
1.36, -0.16, 0.000412404
1.36, -0.08, 0.000392391
1.36, 0, 0.000374667
1.36, 0.08, 0.000358989
1.36, 0.16, 0.000345097
1.36, 0.24, 0.00033275
1.36, 0.32, 0.000321733
1.36, 0.4, 0.000311852
1.36, 0.48, 0.000302905
1.36, 0.56, 0.000294618
1.36, 0.64, 0.000286464
1.36, 0.72, 0.000277154
1.36, 0.8, 0.000263442
1.36, 0.88, 0.000238725
1.36, 0.96, 0.000198878
1.36, 1.04, 0.000162688
1.36, 1.12, 0.000149698
1.36, 1.2, 0.000147198
1.36, 1.28, 0.000147208
1.36, 1.36, 0.000147281
1.36, 1.44, 0.000147284
1.36, 1.52, 0.000147284
1.36, 1.6, 0.000147284
1.36, 1.68, 0.000147284
1.36, 1.76, 0.000147284
1.36, 1.84, 0.000147284
1.36, 1.92, 0.000147284

1.44, -2, 0.000147494
1.44, -1.92, 0.000147493
1.44, -1.84, 0.000147491
1.44, -1.76, 0.000147491
1.44, -1.68, 0.000147492
1.44, -1.6, 0.000147495
1.44, -1.52, 0.000147503
1.44, -1.44, 0.000147521
1.44, -1.36, 0.00014755
1.44, -1.28, 0.000147562
1.44, -1.2, 0.000147577
1.44, -1.12, 0.000148235
1.44, -1.04, 0.000150172
1.44, -0.96, 0.000155179
1.44, -0.88, 0.000166628
1.44, -0.8, 0.000182675
1.44, -0.72, 0.000196806
1.44, -0.64, 0.000205633
1.44, -0.56, 0.00020996
1.44, -0.48, 0.000211617
1.44, -0.4, 0.00021193
1.44, -0.32, 0.000211627
1.44, -0.24, 0.00021106
1.44, -0.16, 0.000210397
1.44, -0.08, 0.00020971
1.44, 0, 0.000209031
1.44, 0.08, 0.000208376
1.44, 0.16, 0.000207747
1.44, 0.24, 0.000207147
1.44, 0.32, 0.000206573
1.44, 0.4, 0.000206018
1.44, 0.48, 0.000205468
1.44, 0.56, 0.000204875
1.44, 0.64, 0.000204098
1.44, 0.72, 0.000202712
1.44, 0.8, 0.000199508
1.44, 0.88, 0.000191634
1.44, 0.96, 0.00017579
1.44, 1.04, 0.00015763
1.44, 1.12, 0.00014916
1.44, 1.2, 0.000147139
1.44, 1.28, 0.000147206
1.44, 1.36, 0.000147281
1.44, 1.44, 0.000147284
1.44, 1.52, 0.000147284
1.44, 1.6, 0.000147284
1.44, 1.68, 0.000147284
1.44, 1.76, 0.000147284
1.44, 1.84, 0.000147284
1.44, 1.92, 0.000147284

1.52, -2, 0.000147459
1.52, -1.92, 0.000147459
1.52, -1.84, 0.000147459
1.52, -1.76, 0.00014746
1.52, -1.68, 0.000147461
1.52, -1.6, 0.000147465
1.52, -1.52, 0.000147474
1.52, -1.44, 0.000147491
1.52, -1.36, 0.000147516
1.52, -1.28, 0.000147507
1.52, -1.2, 0.000147518
1.52, -1.12, 0.000148209
1.52, -1.04, 0.000150082
1.52, -0.96, 0.00015466
1.52, -0.88, 0.000163965
1.52, -0.8, 0.000175665
1.52, -0.72, 0.000185335
1.52, -0.64, 0.000191338
1.52, -0.56, 0.00019448
1.52, -0.48, 0.000195958
1.52, -0.4, 0.000196589
1.52, -0.32, 0.000196816
1.52, -0.24, 0.000196855
1.52, -0.16, 0.000196811
1.52, -0.08, 0.000196731
1.52, 0, 0.000196636
1.52, 0.08, 0.000196538
1.52, 0.16, 0.000196439
1.52, 0.24, 0.000196342
1.52, 0.32, 0.000196246
1.52, 0.4, 0.000196148
1.52, 0.48, 0.000196036
1.52, 0.56, 0.000195872
1.52, 0.64, 0.00019554
1.52, 0.72, 0.000194686
1.52, 0.8, 0.000192294
1.52, 0.88, 0.000185912
1.52, 0.96, 0.000172541
1.52, 1.04, 0.000156693
1.52, 1.12, 0.000149017
1.52, 1.2, 0.00014712
1.52, 1.28, 0.000147208
1.52, 1.36, 0.000147281
1.52, 1.44, 0.000147284
1.52, 1.52, 0.000147284
1.52, 1.6, 0.000147284
1.52, 1.68, 0.000147284
1.52, 1.76, 0.000147284
1.52, 1.84, 0.000147284
1.52, 1.92, 0.000147284

1.6, -2, 0.000147452
1.6, -1.92, 0.000147452
1.6, -1.84, 0.000147453
1.6, -1.76, 0.000147454
1.6, -1.68, 0.000147456
1.6, -1.6, 0.00014746
1.6, -1.52, 0.00014747
1.6, -1.44, 0.000147487
1.6, -1.36, 0.00014751
1.6, -1.28, 0.000147489
1.6, -1.2, 0.000147531
1.6, -1.12, 0.000148315
1.6, -1.04, 0.000150315
1.6, -0.96, 0.000155167
1.6, -0.88, 0.000164414
1.6, -0.8, 0.000175335
1.6, -0.72, 0.000183991
1.6, -0.64, 0.000189269
1.6, -0.56, 0.000192043
1.6, -0.48, 0.00019339
1.6, -0.4, 0.000194013
1.6, -0.32, 0.00019429
1.6, -0.24, 0.000194406
1.6, -0.16, 0.000194446
1.6, -0.08, 0.000194453
1.6, 0, 0.000194445
1.6, 0.08, 0.00019443
1.6, 0.16, 0.000194412
1.6, 0.24, 0.000194393
1.6, 0.32, 0.000194372
1.6, 0.4, 0.000194346
1.6, 0.48, 0.000194304
1.6, 0.56, 0.000194208
1.6, 0.64, 0.000193947
1.6, 0.72, 0.000193174
1.6, 0.8, 0.000190896
1.6, 0.88, 0.000184717
1.6, 0.96, 0.000171724
1.6, 1.04, 0.000156359
1.6, 1.12, 0.000148946
1.6, 1.2, 0.000147109
1.6, 1.28, 0.000147211
1.6, 1.36, 0.000147281
1.6, 1.44, 0.000147284
1.6, 1.52, 0.000147284
1.6, 1.6, 0.000147284
1.6, 1.68, 0.000147284
1.6, 1.76, 0.000147284
1.6, 1.84, 0.000147284
1.6, 1.92, 0.000147284

1.68, -2, 0.000147451
1.68, -1.92, 0.000147451
1.68, -1.84, 0.000147451
1.68, -1.76, 0.000147453
1.68, -1.68, 0.000147455
1.68, -1.6, 0.00014746
1.68, -1.52, 0.00014747
1.68, -1.44, 0.000147488
1.68, -1.36, 0.00014751
1.68, -1.28, 0.000147479
1.68, -1.2, 0.000147568
1.68, -1.12, 0.000148462
1.68, -1.04, 0.000150647
1.68, -0.96, 0.000155936
1.68, -0.88, 0.000165469
1.68, -0.8, 0.000176143
1.68, -0.72, 0.000184296
1.68, -0.64, 0.000189168
1.68, -0.56, 0.00019171
1.68, -0.48, 0.000192947
1.68, -0.4, 0.000193528
1.68, -0.32, 0.000193796
1.68, -0.24, 0.000193917
1.68, -0.16, 0.00019397
1.68, -0.08, 0.000193992
1.68, 0, 0.000193999
1.68, 0.08, 0.000194001
1.68, 0.16, 0.000193999
1.68, 0.24, 0.000193995
1.68, 0.32, 0.000193989
1.68, 0.4, 0.000193977
1.68, 0.48, 0.000193948
1.68, 0.56, 0.000193866
1.68, 0.64, 0.000193615
1.68, 0.72, 0.000192848
1.68, 0.8, 0.000190564
1.68, 0.88, 0.000184359
1.68, 0.96, 0.000171361
1.68, 1.04, 0.000156144
1.68, 1.12, 0.00014889
1.68, 1.2, 0.000147101
1.68, 1.28, 0.000147215
1.68, 1.36, 0.000147282
1.68, 1.44, 0.000147284
1.68, 1.52, 0.000147284
1.68, 1.6, 0.000147284
1.68, 1.68, 0.000147284
1.68, 1.76, 0.000147284
1.68, 1.84, 0.000147284
1.68, 1.92, 0.000147284

1.76, -2, 0.00014745
1.76, -1.92, 0.000147451
1.76, -1.84, 0.000147451
1.76, -1.76, 0.000147452
1.76, -1.68, 0.000147455
1.76, -1.6, 0.00014746
1.76, -1.52, 0.000147471
1.76, -1.44, 0.000147491
1.76, -1.36, 0.000147511
1.76, -1.28, 0.000147471
1.76, -1.2, 0.000147619
1.76, -1.12, 0.00014863
1.76, -1.04, 0.000151033
1.76, -0.96, 0.000156812
1.76, -0.88, 0.000166668
1.76, -0.8, 0.000177164
1.76, -0.72, 0.000184907
1.76, -0.64, 0.000189443
1.76, -0.56, 0.000191787
1.76, -0.48, 0.000192924
1.76, -0.4, 0.000193459
1.76, -0.32, 0.000193708
1.76, -0.24, 0.000193821
1.76, -0.16, 0.000193873
1.76, -0.08, 0.000193897
1.76, 0, 0.000193907
1.76, 0.08, 0.000193911
1.76, 0.16, 0.000193912
1.76, 0.24, 0.000193912
1.76, 0.32, 0.000193909
1.76, 0.4, 0.0001939
1.76, 0.48, 0.000193873
1.76, 0.56, 0.000193792
1.76, 0.64, 0.00019354
1.76, 0.72, 0.000192764
1.76, 0.8, 0.000190449
1.76, 0.88, 0.000184169
1.76, 0.96, 0.00017109
1.76, 1.04, 0.000155954
1.76, 1.12, 0.000148837
1.76, 1.2, 0.000147093
1.76, 1.28, 0.000147218
1.76, 1.36, 0.000147282
1.76, 1.44, 0.000147284
1.76, 1.52, 0.000147284
1.76, 1.6, 0.000147284
1.76, 1.68, 0.000147284
1.76, 1.76, 0.000147284
1.76, 1.84, 0.000147284
1.76, 1.92, 0.000147284

1.84, -2, 0.00014745
1.84, -1.92, 0.000147451
1.84, -1.84, 0.000147451
1.84, -1.76, 0.000147453
1.84, -1.68, 0.000147455
1.84, -1.6, 0.000147461
1.84, -1.52, 0.000147473
1.84, -1.44, 0.000147494
1.84, -1.36, 0.000147511
1.84, -1.28, 0.000147464
1.84, -1.2, 0.000147683
1.84, -1.12, 0.000148815
1.84, -1.04, 0.000151469
1.84, -0.96, 0.000157757
1.84, -0.88, 0.000167906
1.84, -0.8, 0.0001782
1.84, -0.72, 0.000185549
1.84, -0.64, 0.000189775
1.84, -0.56, 0.000191938
1.84, -0.48, 0.000192984
1.84, -0.4, 0.000193475
1.84, -0.32, 0.000193703
1.84, -0.24, 0.000193808
1.84, -0.16, 0.000193856
1.84, -0.08, 0.000193878
1.84, 0, 0.000193888
1.84, 0.08, 0.000193892
1.84, 0.16, 0.000193894
1.84, 0.24, 0.000193894
1.84, 0.32, 0.000193892
1.84, 0.4, 0.000193883
1.84, 0.48, 0.000193857
1.84, 0.56, 0.000193775
1.84, 0.64, 0.000193519
1.84, 0.72, 0.000192731
1.84, 0.8, 0.000190379
1.84, 0.88, 0.000184014
1.84, 0.96, 0.000170838
1.84, 1.04, 0.000155771
1.84, 1.12, 0.000148787
1.84, 1.2, 0.000147086
1.84, 1.28, 0.000147221
1.84, 1.36, 0.000147282
1.84, 1.44, 0.000147284
1.84, 1.52, 0.000147284
1.84, 1.6, 0.000147284
1.84, 1.68, 0.000147284
1.84, 1.76, 0.000147284
1.84, 1.84, 0.000147284
1.84, 1.92, 0.000147284

1.92, -2, 0.00014745
1.92, -1.92, 0.000147451
1.92, -1.84, 0.000147451
1.92, -1.76, 0.000147453
1.92, -1.68, 0.000147456
1.92, -1.6, 0.000147462
1.92, -1.52, 0.000147475
1.92, -1.44, 0.000147496
1.92, -1.36, 0.00014751
1.92, -1.28, 0.00014746
1.92, -1.2, 0.000147759
1.92, -1.12, 0.000149017
1.92, -1.04, 0.000151956
1.92, -0.96, 0.000158761
1.92, -0.88, 0.00016915
1.92, -0.8, 0.000179207
1.92, -0.72, 0.000186166
1.92, -0.64, 0.000190099
1.92, -0.56, 0.000192095
1.92, -0.48, 0.000193055
1.92, -0.4, 0.000193506
1.92, -0.32, 0.000193714
1.92, -0.24, 0.000193811
1.92, -0.16, 0.000193855
1.92, -0.08, 0.000193875
1.92, 0, 0.000193885
1.92, 0.08, 0.000193889
1.92, 0.16, 0.00019389
1.92, 0.24, 0.00019389
1.92, 0.32, 0.000193888
1.92, 0.4, 0.00019388
1.92, 0.48, 0.000193853
1.92, 0.56, 0.00019377
1.92, 0.64, 0.00019351
1.92, 0.72, 0.000192708
1.92, 0.8, 0.000190317
1.92, 0.88, 0.000183864
1.92, 0.96, 0.00017059
1.92, 1.04, 0.000155591
1.92, 1.12, 0.000148737
1.92, 1.2, 0.000147079
1.92, 1.28, 0.000147223
1.92, 1.36, 0.000147282
1.92, 1.44, 0.000147284
1.92, 1.52, 0.000147284
1.92, 1.6, 0.000147284
1.92, 1.68, 0.000147284
1.92, 1.76, 0.000147284
1.92, 1.84, 0.000147284
1.92, 1.92, 0.000147284

